{"cameraMode":{"drawMode":0,"name":"Shaded","section":"Shading Mode"},"sceneLighting":true,"audioPlay":false,"sceneViewState":{"showFog":false,"showMaterialUpdate":true,"showSkybox":false,"showFlares":false,"showImageEffects":false,"showParticleSystems":false},"in2DMode":false,"pivot":{"x":473.56646728515627,"y":473.0284118652344,"z":-245.88951110839845},"rotation":{"x":0.05726396292448044,"y":-0.022466212511062623,"z":0.0012888472992926837,"w":0.9981071949005127},"size":1.2304366827011109,"orthographic":false}