{"cameraMode":{"drawMode":0,"name":"Shaded","section":"Shading Mode"},"sceneLighting":true,"audioPlay":false,"sceneViewState":{"showFog":false,"showMaterialUpdate":true,"showSkybox":false,"showFlares":false,"showImageEffects":false,"showParticleSystems":false},"in2DMode":false,"pivot":{"x":-1.0989885330200196,"y":0.6994149684906006,"z":0.884974479675293},"rotation":{"x":0.1434616893529892,"y":-0.02374926209449768,"z":0.003443768946453929,"w":0.9893655776977539},"size":5.69020414352417,"orthographic":false}